{"layout":{"width":640,"height":640,"name":"Where is it? 2","number":94,"holder":{"x":192,"y":16}},"player":{"x":328,"y":600},"layers":{"Layer 0":{"Solid":[{"x":0,"y":632,"width":640,"height":8,"angle":0},{"x":8,"y":0,"width":-8,"height":632,"angle":0},{"x":640,"y":8,"width":-8,"height":568,"angle":0},{"x":0,"y":0,"width":640,"height":8,"angle":0},{"x":160,"y":424,"width":88,"height":8,"angle":0},{"x":272,"y":424,"width":88,"height":8,"angle":0},{"x":384,"y":424,"width":88,"height":8,"angle":0}],"Spike":[{"x":88,"y":616,"width":40,"height":32,"angle":0},{"x":568,"y":616,"width":40,"height":32,"angle":0},{"x":192,"y":616,"width":40,"height":32,"angle":0},{"x":472,"y":616,"width":40,"height":32,"angle":0},{"x":280,"y":616,"width":40,"height":32,"angle":0},{"x":368,"y":616,"width":40,"height":32,"angle":0}],"Flag":[{"x":638.1313289391431,"y":623.9559384706018,"width":4.444873058723557,"height":8,"angle":0.023574703635977468}],"JumpThrough":[{"x":104,"y":520,"width":8,"height":64,"angle":4.71238898038469},{"x":224,"y":520,"width":8,"height":64,"angle":4.71238898038469},{"x":336,"y":520,"width":8,"height":64,"angle":4.71238898038469},{"x":448,"y":520,"width":8,"height":64,"angle":4.71238898038469},{"x":632,"y":632,"width":56,"height":8,"angle":4.71238898038469},{"x":632,"y":630.1506765103313,"width":56,"height":8,"angle":4.71238898038469},{"x":632,"y":640.1879109779645,"width":70.33858748829584,"height":8,"angle":4.71238898038469},{"x":640,"y":638.1922851581178,"width":48.249867888536414,"height":-8,"angle":4.71238898038469}],"GroundPoundSolid":[{"x":232,"y":352,"width":104,"height":8,"angle":0},{"x":344,"y":352,"width":104,"height":8,"angle":0}],"RocketLauncher":[{"x":328,"y":168,"width":64,"height":32,"angle":1.5649563213104163}],"JumpBoost":[{"x":280,"y":280,"width":32,"height":32,"angle":0},{"x":392,"y":280,"width":32,"height":32,"angle":0}]}}}