{"layout":{"width":1000,"height":1000,"name":"Hell.","number":99,"holder":{"x":-8,"y":24}},"player":{"x":24,"y":104},"layers":{"Layer 0":{"Solid":[{"x":216,"y":0,"width":-8,"height":560,"angle":0},{"x":8,"y":0,"width":-8,"height":992,"angle":0},{"x":1000,"y":0,"width":-8,"height":1000,"angle":0},{"x":416,"y":0,"width":-8,"height":56,"angle":0},{"x":992,"y":376,"width":-128,"height":8,"angle":0},{"x":32,"y":144,"width":-8,"height":24,"angle":1.558672125395599},{"x":968,"y":1000,"width":-928,"height":8,"angle":0},{"x":216,"y":0,"width":-8,"height":560,"angle":0},{"x":416,"y":144,"width":-8,"height":416,"angle":0},{"x":864,"y":256,"width":-184,"height":-16,"angle":0},{"x":536,"y":64,"width":-56,"height":88,"angle":0},{"x":416,"y":144,"width":-8,"height":248,"angle":4.71238898038469},{"x":416,"y":120,"width":-8,"height":24,"angle":0},{"x":424,"y":128,"width":-8,"height":24,"angle":0},{"x":432,"y":136,"width":-8,"height":16,"angle":0},{"x":400,"y":104,"width":-8,"height":24,"angle":0},{"x":408,"y":112,"width":-8,"height":24,"angle":0},{"x":416,"y":120,"width":-8,"height":16,"angle":0},{"x":384,"y":88,"width":-8,"height":24,"angle":0},{"x":392,"y":96,"width":-8,"height":24,"angle":0},{"x":400,"y":104,"width":-8,"height":16,"angle":0},{"x":376,"y":80,"width":-8,"height":24,"angle":0},{"x":384,"y":88,"width":-8,"height":24,"angle":0},{"x":392,"y":96,"width":-8,"height":16,"angle":0},{"x":368,"y":72,"width":-8,"height":24,"angle":0},{"x":376,"y":80,"width":-8,"height":24,"angle":0},{"x":384,"y":88,"width":-8,"height":16,"angle":0},{"x":360,"y":72,"width":-56,"height":16,"angle":0},{"x":288,"y":416,"width":-72,"height":-8,"angle":0},{"x":408,"y":416,"width":-71.3984188429564,"height":-8,"angle":0},{"x":608,"y":151.99999999999997,"width":-8,"height":64,"angle":4.71238898038469},{"x":616,"y":160,"width":-8,"height":64,"angle":4.71238898038469},{"x":624,"y":168,"width":-8,"height":64,"angle":4.71238898038469},{"x":8,"y":8,"width":992,"height":-8,"angle":0},{"x":536,"y":0,"width":-56,"height":32,"angle":0}],"Spike":[{"x":48,"y":944,"width":88,"height":112,"angle":0},{"x":160,"y":944,"width":88,"height":112,"angle":0},{"x":240,"y":944,"width":88,"height":112,"angle":0},{"x":328,"y":944,"width":88,"height":112,"angle":0},{"x":416,"y":944,"width":88,"height":112,"angle":0},{"x":504,"y":944,"width":88,"height":112,"angle":0},{"x":592,"y":944,"width":88,"height":112,"angle":0},{"x":680,"y":944,"width":88,"height":112,"angle":0},{"x":760,"y":944,"width":88,"height":112,"angle":0},{"x":848,"y":944,"width":88,"height":112,"angle":0.003536939049504806},{"x":936,"y":944,"width":88,"height":112,"angle":0.003536939049504806},{"x":875.6712513875976,"y":364.1301490581352,"width":24,"height":24,"angle":0},{"x":895.0753827015,"y":368.1301490581352,"width":16,"height":16,"angle":0},{"x":932.5754378254717,"y":364.1301490581352,"width":24,"height":24,"angle":0},{"x":956.4384668099118,"y":364.1301490581352,"width":24,"height":24,"angle":0},{"x":979.8425981238142,"y":364.1301490581352,"width":24,"height":24,"angle":0},{"x":704,"y":216,"width":40,"height":48,"angle":0},{"x":744,"y":216,"width":40,"height":48,"angle":0},{"x":784,"y":216,"width":40,"height":48,"angle":6.282921815874059},{"x":824,"y":216,"width":40,"height":48,"angle":6.282921815874059},{"x":856.0031621733405,"y":228.00210751385384,"width":24,"height":24,"angle":6.282921815874059},{"x":228.6258702628312,"y":396.6258702628312,"width":24,"height":24,"angle":0},{"x":252.62587026283109,"y":396.0489453875759,"width":24,"height":24,"angle":0},{"x":348.7448580149605,"y":395.95105461242423,"width":24,"height":24,"angle":0},{"x":372.3637661751422,"y":395.95105461242423,"width":24,"height":24,"angle":0},{"x":396.65754147086477,"y":395.95105461242423,"width":24,"height":24,"angle":0},{"x":276.24472693787925,"y":396.0489453875759,"width":24,"height":24,"angle":0},{"x":516,"y":464,"width":192,"height":192,"angle":0},{"x":704,"y":456,"width":192,"height":192,"angle":0}],"Flag":[{"x":312,"y":472,"width":32,"height":72,"angle":0}],"JumpThrough":[{"x":416,"y":560,"width":8,"height":576,"angle":4.71238898038469},{"x":864,"y":240,"width":8,"height":128,"angle":4.71238898038469},{"x":480,"y":64,"width":32,"height":56,"angle":4.71238898038469},{"x":480.4329308887277,"y":61.62818412973405,"width":32,"height":56,"angle":4.71238898038469},{"x":480.8658617774554,"y":68.98812484488852,"width":32,"height":56,"angle":4.71238898038469},{"x":480,"y":62.06111501846175,"width":32,"height":56,"angle":4.71238898038469},{"x":480,"y":65.09168078532002,"width":32,"height":56,"angle":4.71238898038469},{"x":480.4329308887277,"y":71.1528123190366,"width":32,"height":56,"angle":4.71238898038469}],"GroundPoundSolid":[{"x":8,"y":168,"width":200,"height":8,"angle":0},{"x":216,"y":504,"width":192,"height":8,"angle":0},{"x":213.48061265664808,"y":503.45192619020827,"width":192,"height":8,"angle":0},{"x":215.6728242683023,"y":503.45192619020827,"width":192,"height":8,"angle":0},{"x":214.02866555956166,"y":503.99997909312185,"width":192,"height":8,"angle":0},{"x":864,"y":144,"width":128,"height":8,"angle":0}],"RocketLauncher":[],"JumpBoost":[{"x":104,"y":968,"width":32,"height":64,"angle":0},{"x":248,"y":536,"width":32,"height":72,"angle":1.7746398711788},{"x":984,"y":984,"width":32,"height":32,"angle":0},{"x":763.7078429764125,"y":827.898629672566,"width":56,"height":192,"angle":1.59524479726505},{"x":912.3109481423373,"y":363.9809403811364,"width":16,"height":24,"angle":0.0047763295166791675},{"x":240,"y":264,"width":56,"height":64,"angle":3.1436544650358473},{"x":384,"y":256,"width":56,"height":64,"angle":3.1436544650358473}]}}}