{"layout":{"width":640,"height":640,"name":"How?","number":92,"holder":{"x":16,"y":32}},"player":{"x":160,"y":376},"layers":{"Layer 0":{"Solid":[{"x":0,"y":408,"width":640,"height":8,"angle":0},{"x":304,"y":184,"width":8,"height":224,"angle":0},{"x":456,"y":240,"width":8,"height":168,"angle":0},{"x":464,"y":176,"width":-160,"height":8,"angle":0},{"x":632,"y":8,"width":8,"height":400,"angle":0},{"x":0,"y":0,"width":8,"height":408,"angle":0},{"x":0,"y":0,"width":640,"height":8,"angle":0}],"Spike":[{"x":328,"y":160,"width":32,"height":32,"angle":0.003664670579439644},{"x":384,"y":160,"width":32,"height":32,"angle":0.003664670579439644},{"x":432,"y":160,"width":32,"height":32,"angle":0.003664670579439644}],"Flag":[{"x":376,"y":312,"width":97,"height":199,"angle":0}],"JumpThrough":[{"x":456,"y":260.3936889556724,"width":80,"height":8,"angle":4.71238898038469},{"x":456,"y":262.1968444778362,"width":80,"height":8,"angle":4.71238898038469},{"x":456,"y":260.3936889556724,"width":80,"height":8,"angle":4.71238898038469},{"x":456,"y":260.3936889556724,"width":80,"height":8,"angle":4.71238898038469},{"x":456,"y":260.3936889556724,"width":80,"height":8,"angle":4.71238898038469},{"x":456,"y":258.59053343350865,"width":80,"height":8,"angle":4.71238898038469},{"x":24,"y":96,"width":0.001,"height":408,"angle":4.71238898038469}],"GroundPoundSolid":[],"RocketLauncher":[],"JumpBoost":[{"x":32,"y":264,"width":0.001,"height":0.001,"angle":0},{"x":32,"y":392,"width":0.001,"height":0.001,"angle":0},{"x":32,"y":272,"width":0.001,"height":0.001,"angle":0},{"x":32,"y":160,"width":0.001,"height":0.001,"angle":0},{"x":32,"y":32,"width":0.001,"height":0.001,"angle":3.134057291758602}]}}}