{"layout":{"width":640,"height":640,"name":"Impossible?","number":90,"holder":{"x":-8,"y":112}},"player":{"x":112,"y":376},"layers":{"Layer 0":{"Solid":[{"x":56,"y":408,"width":520,"height":8,"angle":0},{"x":312,"y":368,"width":-8,"height":40,"angle":0},{"x":312,"y":-8,"width":-8,"height":336,"angle":0}],"Spike":[],"Flag":[{"x":536,"y":312,"width":97,"height":199,"angle":0}],"JumpThrough":[{"x":304,"y":384,"width":80,"height":8,"angle":4.71238898038469},{"x":304,"y":382.1968444778362,"width":80,"height":8,"angle":4.71238898038469},{"x":304,"y":385.80315552216376,"width":80,"height":8,"angle":4.71238898038469}],"GroundPoundSolid":[],"RocketLauncher":[],"JumpBoost":[]}}}