{"layout":{"width":1000,"height":1000,"name":"Spikeless","number":96,"holder":{"x":-24,"y":16}},"player":{"x":72,"y":184},"layers":{"Layer 0":{"Solid":[{"x":0,"y":216,"width":944,"height":8,"angle":0},{"x":72,"y":568,"width":928,"height":8,"angle":0},{"x":0,"y":992,"width":1000,"height":8,"angle":0},{"x":8,"y":0,"width":-8,"height":1000,"angle":0},{"x":1008,"y":0,"width":-8,"height":1000,"angle":0},{"x":8,"y":0,"width":1000,"height":8,"angle":0},{"x":8,"y":568,"width":32,"height":8,"angle":0},{"x":968,"y":224,"width":40,"height":-8,"angle":0},{"x":224,"y":8,"width":8,"height":136,"angle":0},{"x":224,"y":176,"width":8,"height":48,"angle":0},{"x":368,"y":8,"width":8,"height":104,"angle":0},{"x":368,"y":152,"width":8,"height":72,"angle":0},{"x":504,"y":8,"width":8,"height":80,"angle":0},{"x":504,"y":136,"width":8,"height":88,"angle":0},{"x":648,"y":8,"width":8,"height":160,"angle":0},{"x":648,"y":200,"width":8,"height":24,"angle":0},{"x":752,"y":8,"width":8,"height":40,"angle":0},{"x":752,"y":80,"width":8,"height":144,"angle":0},{"x":896,"y":8,"width":8,"height":104,"angle":0},{"x":896,"y":152,"width":8,"height":72,"angle":0},{"x":176,"y":224,"width":8,"height":296,"angle":0},{"x":176,"y":552,"width":8,"height":16,"angle":0},{"x":320,"y":224,"width":8,"height":8,"angle":0},{"x":320,"y":272,"width":8,"height":296,"angle":0},{"x":456,"y":224,"width":8,"height":32,"angle":0},{"x":456,"y":296,"width":8,"height":272,"angle":0},{"x":600,"y":224,"width":8,"height":272,"angle":0},{"x":600,"y":536,"width":8,"height":32,"angle":0},{"x":704,"y":224,"width":8,"height":32,"angle":0},{"x":704,"y":288,"width":8,"height":280,"angle":0},{"x":848,"y":224,"width":8,"height":232,"angle":0},{"x":848,"y":496,"width":8,"height":72,"angle":0},{"x":256,"y":576,"width":8,"height":240,"angle":0},{"x":352,"y":920,"width":8,"height":72,"angle":0},{"x":256,"y":880,"width":8,"height":112,"angle":0},{"x":352,"y":576,"width":8,"height":280,"angle":0},{"x":448,"y":800,"width":8,"height":192,"angle":0},{"x":448,"y":576,"width":8,"height":160,"angle":0},{"x":544,"y":920,"width":8,"height":72,"angle":0},{"x":544,"y":576,"width":8,"height":280,"angle":0},{"x":744,"y":576,"width":8,"height":320,"angle":0},{"x":744,"y":960,"width":8,"height":32,"angle":0},{"x":648,"y":840,"width":8,"height":152,"angle":0},{"x":648,"y":576,"width":8,"height":200,"angle":0}],"Spike":[],"Flag":[{"x":901.3298969072165,"y":807.0552763819096,"width":168,"height":376,"angle":0}],"JumpThrough":[{"x":224,"y":184,"width":48,"height":8,"angle":4.71238898038469},{"x":224,"y":185.92125873486043,"width":48,"height":8,"angle":4.71238898038469},{"x":368,"y":152,"width":48,"height":8,"angle":4.71238898038469},{"x":368,"y":153.9212733929013,"width":48,"height":8,"angle":4.71238898038469}],"GroundPoundSolid":[],"RocketLauncher":[],"JumpBoost":[{"x":28,"y":552,"width":40,"height":32,"angle":0},{"x":84,"y":552,"width":40,"height":32,"angle":0},{"x":928,"y":200,"width":40,"height":32,"angle":0},{"x":982.69091637324,"y":200,"width":42.61816725352003,"height":32,"angle":0},{"x":240,"y":976,"width":40,"height":32,"angle":4.700761597428306},{"x":240,"y":936,"width":40,"height":32,"angle":4.700761597428306},{"x":240,"y":896,"width":40,"height":32,"angle":4.700761597428306},{"x":240,"y":800,"width":40,"height":32,"angle":4.700761597428306},{"x":240,"y":760,"width":40,"height":32,"angle":4.700761597428306},{"x":240,"y":720,"width":40,"height":32,"angle":4.700761597428306},{"x":240,"y":680,"width":40,"height":32,"angle":4.700761597428306},{"x":240,"y":640,"width":40,"height":32,"angle":4.700761597428306},{"x":240,"y":600,"width":40,"height":32,"angle":4.700761597428306},{"x":336,"y":976,"width":40,"height":32,"angle":4.700761597428306},{"x":336,"y":936,"width":40,"height":32,"angle":4.700761597428306},{"x":336,"y":840,"width":40,"height":32,"angle":4.700761597428306},{"x":336,"y":800,"width":40,"height":32,"angle":4.700761597428306},{"x":336,"y":760,"width":40,"height":32,"angle":4.700761597428306},{"x":336,"y":720,"width":40,"height":32,"angle":4.700761597428306},{"x":336,"y":680,"width":40,"height":32,"angle":4.700761597428306},{"x":336,"y":640,"width":40,"height":32,"angle":4.700761597428306},{"x":336,"y":600,"width":40,"height":32,"angle":4.700761597428306},{"x":432,"y":976,"width":40,"height":32,"angle":4.700761597428306},{"x":432,"y":936,"width":40,"height":32,"angle":4.700761597428306},{"x":432,"y":896,"width":40,"height":32,"angle":4.700761597428306},{"x":432,"y":856,"width":40,"height":32,"angle":4.700761597428306},{"x":432,"y":816,"width":40,"height":32,"angle":4.700761597428306},{"x":432,"y":720,"width":40,"height":32,"angle":4.700761597428306},{"x":432,"y":680,"width":40,"height":32,"angle":4.700761597428306},{"x":432,"y":640,"width":40,"height":32,"angle":4.700761597428306},{"x":432,"y":600,"width":40,"height":32,"angle":4.700761597428306},{"x":528,"y":976,"width":40,"height":32,"angle":4.700761597428306},{"x":528,"y":936,"width":40,"height":32,"angle":4.700761597428306},{"x":528,"y":840,"width":40,"height":32,"angle":4.700761597428306},{"x":528,"y":800,"width":40,"height":32,"angle":4.700761597428306},{"x":528,"y":760,"width":40,"height":32,"angle":4.700761597428306},{"x":528,"y":720,"width":40,"height":32,"angle":4.700761597428306},{"x":528,"y":680,"width":40,"height":32,"angle":4.700761597428306},{"x":528,"y":640,"width":40,"height":32,"angle":4.700761597428306},{"x":528,"y":600,"width":40,"height":32,"angle":4.700761597428306},{"x":632,"y":976,"width":40,"height":32,"angle":4.700761597428306},{"x":632,"y":936,"width":40,"height":32,"angle":4.700761597428306},{"x":632,"y":896,"width":40,"height":32,"angle":4.700761597428306},{"x":632,"y":856,"width":40,"height":32,"angle":4.700761597428306},{"x":632,"y":760,"width":40,"height":32,"angle":4.700761597428306},{"x":632,"y":720,"width":40,"height":32,"angle":4.700761597428306},{"x":632,"y":680,"width":40,"height":32,"angle":4.700761597428306},{"x":632,"y":640,"width":40,"height":32,"angle":4.700761597428306},{"x":632,"y":600,"width":40,"height":32,"angle":4.700761597428306},{"x":728,"y":976,"width":40,"height":32,"angle":4.700761597428306},{"x":728,"y":880,"width":40,"height":32,"angle":4.700761597428306},{"x":728,"y":840,"width":40,"height":32,"angle":4.700761597428306},{"x":728,"y":800,"width":40,"height":32,"angle":4.700761597428306},{"x":728,"y":760,"width":40,"height":32,"angle":4.700761597428306},{"x":728,"y":720,"width":40,"height":32,"angle":4.700761597428306},{"x":728,"y":680,"width":40,"height":32,"angle":4.700761597428306},{"x":728,"y":640,"width":40,"height":32,"angle":4.700761597428306},{"x":728,"y":600,"width":40,"height":32,"angle":4.700761597428306},{"x":576,"y":984,"width":40,"height":32,"angle":0},{"x":496,"y":984,"width":40,"height":32,"angle":0},{"x":400,"y":984,"width":40,"height":32,"angle":0}]}}}