{"layout":{"width":640,"height":5000,"name":"Torture","number":95,"holder":{"x":184,"y":96}},"player":{"x":320,"y":32},"layers":{"Layer 0":{"Solid":[{"x":0,"y":408,"width":224,"height":8,"angle":0},{"x":416,"y":408,"width":224,"height":8,"angle":0},{"x":8,"y":1480,"width":224,"height":8,"angle":0},{"x":424,"y":1480,"width":224,"height":8,"angle":0},{"x":0,"y":2336,"width":224,"height":8,"angle":0},{"x":360,"y":3408,"width":256,"height":8,"angle":0},{"x":0,"y":4680,"width":304,"height":8,"angle":0},{"x":336,"y":4680,"width":304,"height":8,"angle":0},{"x":32,"y":-24,"width":-24,"height":5040,"angle":0},{"x":640,"y":-32,"width":-24,"height":5040,"angle":0},{"x":216,"y":72,"width":224,"height":8,"angle":0},{"x":232,"y":1480,"width":32,"height":8,"angle":0},{"x":392,"y":1480,"width":32,"height":8,"angle":0},{"x":224,"y":2336,"width":32,"height":8,"angle":0},{"x":384,"y":2336,"width":232,"height":8,"angle":0},{"x":256,"y":2336,"width":32,"height":8,"angle":0},{"x":32,"y":3408,"width":264,"height":8,"angle":0},{"x":8,"y":5000,"width":608,"height":8,"angle":0}],"Spike":[{"x":16,"y":392,"width":32,"height":32,"angle":0},{"x":48,"y":392,"width":32,"height":32,"angle":0},{"x":80,"y":392,"width":32,"height":32,"angle":0},{"x":112,"y":392,"width":32,"height":32,"angle":0},{"x":144,"y":392,"width":32,"height":32,"angle":0},{"x":176,"y":392,"width":32,"height":32,"angle":0},{"x":208,"y":392,"width":32,"height":32,"angle":0},{"x":432,"y":392,"width":32,"height":32,"angle":0},{"x":464,"y":392,"width":32,"height":32,"angle":0},{"x":496,"y":392,"width":32,"height":32,"angle":0},{"x":528,"y":392,"width":32,"height":32,"angle":0},{"x":560,"y":392,"width":32,"height":32,"angle":0},{"x":592,"y":392,"width":32,"height":32,"angle":0},{"x":624,"y":392,"width":32,"height":32,"angle":0},{"x":24,"y":1464,"width":32,"height":32,"angle":0},{"x":56,"y":1464,"width":32,"height":32,"angle":0},{"x":88,"y":1464,"width":32,"height":32,"angle":0},{"x":120,"y":1464,"width":32,"height":32,"angle":0},{"x":152,"y":1464,"width":32,"height":32,"angle":0},{"x":184,"y":1464,"width":32,"height":32,"angle":0},{"x":216,"y":1464,"width":32,"height":32,"angle":0},{"x":440,"y":1464,"width":32,"height":32,"angle":0},{"x":472,"y":1464,"width":32,"height":32,"angle":0},{"x":504,"y":1464,"width":32,"height":32,"angle":0},{"x":536,"y":1464,"width":32,"height":32,"angle":0},{"x":568,"y":1464,"width":32,"height":32,"angle":0},{"x":600,"y":1464,"width":32,"height":32,"angle":0},{"x":632,"y":1464,"width":32,"height":32,"angle":0},{"x":16,"y":2320,"width":32,"height":32,"angle":0},{"x":48,"y":2320,"width":32,"height":32,"angle":0},{"x":80,"y":2320,"width":32,"height":32,"angle":0},{"x":112,"y":2320,"width":32,"height":32,"angle":0},{"x":144,"y":2320,"width":32,"height":32,"angle":0},{"x":176,"y":2320,"width":32,"height":32,"angle":0},{"x":208,"y":2320,"width":32,"height":32,"angle":0},{"x":432,"y":2320,"width":32,"height":32,"angle":0},{"x":464,"y":2320,"width":32,"height":32,"angle":0},{"x":496,"y":2320,"width":32,"height":32,"angle":0},{"x":528,"y":2320,"width":32,"height":32,"angle":0},{"x":560,"y":2320,"width":32,"height":32,"angle":0},{"x":592,"y":2320,"width":32,"height":32,"angle":0},{"x":24,"y":3392,"width":32,"height":32,"angle":0},{"x":56,"y":3392,"width":32,"height":32,"angle":0},{"x":88,"y":3392,"width":32,"height":32,"angle":0},{"x":120,"y":3392,"width":32,"height":32,"angle":0},{"x":152,"y":3392,"width":32,"height":32,"angle":0},{"x":184,"y":3392,"width":32,"height":32,"angle":0},{"x":216,"y":3392,"width":32,"height":32,"angle":0},{"x":440,"y":3392,"width":32,"height":32,"angle":0},{"x":472,"y":3392,"width":32,"height":32,"angle":0},{"x":504,"y":3392,"width":32,"height":32,"angle":0},{"x":536,"y":3392,"width":32,"height":32,"angle":0},{"x":568,"y":3392,"width":32,"height":32,"angle":0},{"x":600,"y":3392,"width":32,"height":32,"angle":0},{"x":24,"y":4664,"width":32,"height":32,"angle":0},{"x":56,"y":4664,"width":32,"height":32,"angle":0},{"x":88,"y":4664,"width":32,"height":32,"angle":0},{"x":120,"y":4664,"width":32,"height":32,"angle":0},{"x":152,"y":4664,"width":32,"height":32,"angle":0},{"x":184,"y":4664,"width":32,"height":32,"angle":0},{"x":216,"y":4664,"width":32,"height":32,"angle":0},{"x":248,"y":4664,"width":32,"height":32,"angle":0},{"x":352,"y":4664,"width":32,"height":32,"angle":0},{"x":384,"y":4664,"width":32,"height":32,"angle":0},{"x":416,"y":4664,"width":32,"height":32,"angle":0},{"x":448,"y":4664,"width":32,"height":32,"angle":0},{"x":480,"y":4664,"width":32,"height":32,"angle":0},{"x":512,"y":4664,"width":32,"height":32,"angle":0},{"x":544,"y":4664,"width":32,"height":32,"angle":0},{"x":584,"y":4664,"width":32,"height":32,"angle":0},{"x":616,"y":4664,"width":32,"height":32,"angle":0},{"x":280,"y":4664,"width":32,"height":32,"angle":0},{"x":248,"y":1464,"width":32,"height":32,"angle":0.028236341287432687},{"x":408,"y":1464,"width":32,"height":32,"angle":0.028236341287432687},{"x":240,"y":2320,"width":32,"height":32,"angle":0.028236341287432687},{"x":400,"y":2320,"width":32,"height":32,"angle":0.028236341287432687},{"x":272,"y":2320,"width":32,"height":32,"angle":0.028236341287432687},{"x":376,"y":3392,"width":32,"height":32,"angle":0},{"x":408,"y":3392,"width":32,"height":32,"angle":0},{"x":248,"y":3392,"width":32,"height":32,"angle":0},{"x":280,"y":3392,"width":32,"height":32,"angle":0},{"x":352,"y":4984,"width":32,"height":32,"angle":0},{"x":304,"y":4984,"width":32,"height":32,"angle":0}],"Flag":[{"x":192,"y":4896,"width":97,"height":199,"angle":0}],"JumpThrough":[],"GroundPoundSolid":[],"RocketLauncher":[],"JumpBoost":[]}}}