{"layout":{"width":640,"height":640,"name":"Where is it?","number":91,"holder":{"x":176,"y":392}},"player":{"x":304,"y":344},"layers":{"Layer 0":{"Solid":[{"x":48,"y":384,"width":584,"height":8,"angle":0},{"x":0,"y":0,"width":8,"height":408,"angle":0},{"x":632,"y":0,"width":8,"height":408,"angle":0},{"x":0,"y":520,"width":616,"height":0.001,"angle":0},{"x":8,"y":0,"width":632,"height":8,"angle":0}],"Spike":[{"x":280,"y":48,"width":32,"height":32,"angle":0},{"x":408,"y":48,"width":32,"height":32,"angle":0}],"Flag":[{"x":262,"y":390.02010050251255,"width":8,"height":8,"angle":0}],"JumpThrough":[{"x":176,"y":248,"width":8,"height":48,"angle":4.71238898038469},{"x":288,"y":248,"width":8,"height":48,"angle":4.71238898038469},{"x":400,"y":248,"width":8,"height":48,"angle":4.71238898038469},{"x":512,"y":248,"width":8,"height":48,"angle":4.71238898038469},{"x":592,"y":248,"width":8,"height":48,"angle":4.71238898038469},{"x":0,"y":248,"width":8,"height":48,"angle":4.71238898038469},{"x":88,"y":248,"width":8,"height":48,"angle":4.71238898038469},{"x":8,"y":392,"width":8,"height":48,"angle":4.71238898038469},{"x":16,"y":392,"width":8,"height":48,"angle":4.71238898038469},{"x":6.064286237651061,"y":392,"width":8,"height":48,"angle":4.71238898038469},{"x":4.644888243946781,"y":392,"width":8,"height":48,"angle":4.71238898038469}],"GroundPoundSolid":[{"x":88,"y":176,"width":104,"height":8,"angle":0},{"x":232,"y":176,"width":104,"height":8,"angle":0},{"x":360,"y":176,"width":104,"height":8,"angle":0},{"x":504,"y":176,"width":104,"height":8,"angle":0},{"x":160,"y":136,"width":104,"height":8,"angle":0},{"x":312,"y":136,"width":104,"height":8,"angle":0},{"x":448,"y":136,"width":104,"height":8,"angle":0}],"RocketLauncher":[],"JumpBoost":[{"x":224,"y":88,"width":32,"height":32,"angle":0},{"x":480,"y":88,"width":32,"height":32,"angle":0},{"x":352,"y":88,"width":32,"height":32,"angle":0}]}}}